TEMPLATE,PPT_TAG
1,2
1,5
2,11
2,4
3,1
3,12
4,2
4,4
5,12
5,3
5,6
6,2
6,5
7,1
7,5
8,1
8,6
9,12
9,4
10,1
10,5
11,1
11,5
12,2
12,12
13,4
13,5
14,1
14,5
15,5
15,12
16,4
16,5
17,12
17,5
18,9
18,5
19,9
19,5
20,1
20,12
21,6
21,12
22,3
22,5
23,6
23,2
23,4
24,5
24,6
24,9
25,1
25,6
26,1
26,4
27,1
27,9
27,7
27,4
28,11
28,4
29,1
29,5
30,2
30,3
31,7
31,5
32,1
32,9
33,1
33,4
34,12
34,5
35,9
35,4
36,2
36,4
37,6
37,12
37,4
38,1
38,4
39,1
39,6
40,5
40,9
41,7
41,5
42,1
42,5
43,11
43,5
44,5
44,2
45,9
45,3
46,2
46,5
47,7
47,5
48,1
48,5
49,1
49,7
50,9
50,5
51,7
51,2
52,12
52,2
53,1
53,7
53,5
54,1
54,5
55,2
55,5
56,1
56,4
57,11
57,5
58,1
58,8
59,11
59,5
60,2
60,5
61,2
61,4
62,1
62,5
63,12
63,5
63,2
64,12
64,3
65,9
65,4
66,1
66,2
67,7
67,1
67,4
68,6
68,4
69,1
69,5
70,6
70,11
71,7
71,5
72,4
72,12
73,8
73,5
74,12
74,2
75,12
75,5
76,1
76,9
77,11
77,1
78,6
78,12
79,12
79,1
79,9
80,1
81,1
82,7
82,12
83,5
83,11
84,1
,
85,9
85,4
86,2
86,5
87,2
87,5
88,6
88,12
89,1
90,1
90,5
91,5
91,8
92,6
93,1
93,4
94,11
94,5
95,1
95,5
96,5
96,6
97,11
97,8
98,6
98,9
99,12
99,2
100,1
100,6
101,1
101,5
102,6
102,8
103,12
103,11
104,1
104,5
105,1
105,12
106,1
106,5
107,9
107,5
108,6
108,12
108,11
109,1
109,6
110,11
110,8
111,4
111,6
112,4
112,2
113,7
113,12
114,8
114,9
115,4
115,11
116,1
116,2
117,2
117,4
118,2
118,3
118,1
119,1
119,12
120,5
120,12
120,11
121,2
121,4
122,1
122,12
122,5
123,8
123,7
124,1
124,5
125,2
125,5
126,12
126,5
127,12
127,5
128,8
128,12
129,1
130,1
130,5
131,8
131,1
132,2
132,9
133,11
133,4
134,2
134,4
135,1
135,9
136,1
136,9
137,3
137,1
138,1
138,6
139,1
139,12
140,9
141,3
141,11
142,9
142,11
143,5
143,1
144,6
144,12
144,5
145,1
146,9
146,7
147,1
147,6
148,11
149,5
149,1
149,9
149,7
150,2
150,3
151,1
151,5
152,1
152,4
153,7
153,4
154,1
154,9
155,1
155,5
156,8
156,11
157,2
157,11
158,5
158,3
158,8
159,7
159,5
160,1
161,11
161,5
161,8
162,1
162,2
163,1
163,5
164,9
165,1
165,2
165,12
166,2
166,8
167,12
167,6
168,9
168,7
169,5
169,9
169,2
170,11
171,5
171,12
172,1
173,11
173,3
174,5
174,1
175,3
175,12
176,6
176,7
177,5
177,1
177,12
178,1
178,5
179,7
179,4
180,9
181,6
181,1
182,5
182,9
183,1
183,4
184,1
184,12
185,12
185,5
185,9
186,7
186,5
187,5
187,1
187,6
188,5
188,7
189,2
189,4
190,2
190,9
191,7
191,9
192,1
193,8
193,1
194,5
194,6
195,7
195,9
196,5
196,6
197,12
197,8
198,1
198,5
199,1
199,5
200,12
200,6
201,3
201,4
202,1
202,9
203,1
204,1
204,4
205,5
205,4
205,12
206,1
206,6
207,1
207,5
208,6
208,5
209,2
209,5
210,1
210,12
210,5
211,11
211,6
212,1
212,5
213,2
213,5
214,7
214,5
215,12
215,9
216,6
216,12
217,1
217,12
217,6
218,7
218,5
218,9
219,7
220,12
220,7
221,1
221,5
222,1
222,6
223,1
223,2
224,1
225,6
225,7
226,1
226,4
227,1
227,2
228,2
228,5
229,11
229,1
229,9
230,12
230,1
230,5
231,2
231,9
231,7
232,1
233,7
233,9
234,11
234,5
235,9
235,6
236,1
236,8
237,1
237,8
238,2
238,8
239,11
239,5
240,4
240,12
241,12
241,5
242,12
243,5
243,11
244,5
244,9
245,4
245,6
246,1
247,2
248,1
248,12
249,11
249,12
250,6
250,1
250,12
251,4
251,9
252,12
252,6
252,2
253,5
253,6
254,5
254,9
255,5
255,6
256,2
256,11
257,2
257,5
258,2
258,11
259,4
259,1
260,2
260,5
261,1
261,5
262,3
262,4
263,5
263,9
263,1
264,4
264,9
265,4
265,11
265,6
265,5
266,4
266,3
267,5
268,5
268,9
269,5
269,9
269,1
270,1
270,9
271,2
271,11
272,9
272,5
273,1
274,6
275,1
275,5
276,1
276,5
277,1
277,5
278,2
278,5
279,12
280,12
280,1
281,1
281,5
282,2
282,5
283,1
283,5
284,2
284,11
285,1
285,5
285,4
286,1
286,6
287,12
287,9
287,1
288,1
288,9
289,9
289,5
290,5
291,12
291,11
292,11
292,6
293,5
293,6
294,5
294,1
294,6
295,9
295,11
296,12
296,1
297,12
297,2
298,11
299,5
299,11
300,3
300,6
301,4
301,1
302,1
302,4
303,1
303,4
304,12
304,5
305,12
306,6
306,4
307,12
307,11
308,12
308,11
309,12
309,6
310,1
310,6
311,1
312,4
312,5
313,11
313,1
314,6
314,12
315,12
315,5
316,12
316,1
317,1
317,11
318,1
318,5
319,1
319,4
320,1
320,6
321,1
321,2
321,12
322,12
323,4
323,9
324,12
324,6
325,4
326,12
326,6
327,11
327,1
328,1
328,11
329,6
329,4
330,12
331,2
331,12
332,1
332,12
333,7
333,12
334,5
334,12
335,11
335,1
336,6
336,5
337,5
337,11
338,11
338,12
339,5
339,1
340,11
340,5
341,11
341,5
342,4
342,2
343,5
343,3
344,5
344,9
345,6
345,1
346,1
346,5
347,1
347,5
348,1
348,5
349,1
349,5
350,12
351,1
352,9
353,6
353,4
353,5
354,6
354,5
355,12
355,5
356,1
356,9
357,12
357,6
358,9
358,5
359,1
359,5
360,6
360,12
361,9
362,12
362,1
362,4
363,6
364,11
364,1
365,6
365,12
366,12
366,6
367,12
367,1
368,1
368,4
369,12
369,5
370,5
370,6
371,6
371,9
372,11
372,5
372,1
373,7
374,1
374,5
375,11
375,12
376,6
376,1
376,9
377,1
377,2
378,1
378,2
378,5
379,1
379,5
380,9
380,5
381,1
381,11
381,5
382,2
382,9
382,5
383,1
383,12
383,9
384,6
384,4
385,12
385,5
386,1
386,5
387,1
387,9
388,12
388,5
389,5
389,11
390,6
390,5
391,1
391,11
392,7
392,11
393,1
394,12
394,1
395,3
395,6
396,6
396,3
397,6
397,1
397,5
398,1
398,12
399,9
399,1
400,12
401,12
402,7
402,9
403,1
403,12
404,1
404,2
405,2
405,5
406,9
406,5
407,9
407,5
408,11
408,3
409,4
409,8
410,7
410,9
411,1
411,11
412,1
412,9
413,12
413,4
413,5
413,9
414,2
415,1
416,2
417,9
417,6
418,1
418,11
419,4
419,2
420,11
420,5
421,12
421,5
422,1
422,12
423,1
423,4
423,6
423,5
424,6
424,1
425,12
425,11
426,12
426,4
427,1
427,5
428,6
428,12
429,1
430,12
430,11
431,12
431,5
432,2
432,5
433,2
434,1
434,12
435,1
435,5
436,1
436,5
437,11
437,9
437,2
438,2
438,5
439,1
439,5
439,4
440,2
440,5
441,5
441,6
442,6
442,11
443,12
443,11
444,7
444,5
445,12
445,2
446,5
446,2
446,9
447,5
447,7
448,5
448,11
449,6
449,7
450,5
450,7
451,1
451,4
452,12
452,6
453,6
454,5
454,4
455,12
455,5
455,6
456,2
456,11
457,9
457,5
458,1
458,5
459,12
460,2
460,11
461,5
461,12
462,12
462,1
463,1
463,12
464,1
465,9
465,4
466,12
467,5
467,11
468,1
468,5
469,1
469,6
470,12
470,1
470,6
471,11
472,12
473,6
473,5
474,5
474,3
474,1
475,12
475,2
476,2
476,11
477,11
477,12
478,3
478,6
478,12
479,1
479,4
479,5
479,11
480,8
480,5
481,5
481,9
482,1
482,5
483,4
483,6
483,11
484,5
484,9
485,12
485,5
486,1
486,2
486,5
487,5
487,12
488,4
488,8
489,1
489,5
489,6
490,3
490,5
490,8
491,1
491,6
492,3
492,11
493,1
493,6
494,1
494,5
495,4
495,5
496,4
496,5
497,4
497,7
498,4
498,5
498,6
499,2
499,4
500,4
500,6
501,1
501,2
502,2
502,5
503,1
503,5
504,1
504,5
505,2
505,5
506,1
506,3
507,4
507,6
508,1
508,2
509,9
509,5
510,1
510,2
511,2
511,5
512,3
512,6
513,1
513,2
514,2
514,6
515,1
515,5
516,3
516,6
517,3
517,6
518,6
518,8
519,1
519,2
520,3
520,8
521,2
521,5
522,3
522,6
523,1
523,5
524,2
524,5
525,4
525,8
526,6
526,3
527,1
527,5
528,6
528,8
529,4
529,5
529,11
530,3
530,11
531,2
531,6
532,3
532,5
533,4
533,7
534,1
534,5
535,4
535,6
536,1
536,12
537,1
537,2
538,1
538,11
539,2
539,5
540,4
540,11
541,2
541,5
542,2
542,5
543,7
543,9
544,2
544,5
545,1
545,12
546,1
546,2
547,7
547,9
548,1
548,6
549,6
549,8
550,8
550,11
551,5
551,11
552,5
552,8
553,2
553,6
554,1
554,5
555,2
555,12
556,1
556,2
557,5
557,12
558,5
558,6
559,1
559,5
560,3
560,11
561,5
561,8
562,1
562,12
563,1
563,5
564,2
564,5
565,5
565,8
566,1
566,5
567,1
567,5
568,1
568,5
569,5
569,9
570,9
570,12
571,5
571,12
572,1
572,5
573,5
573,6
574,1
574,5
575,5
575,6
576,2
576,3
576,6
577,3
577,6
578,1
578,2
579,2
579,5
580,1
580,5
581,2
581,5
582,1
582,5
583,5
583,7
584,1
584,5
585,5
585,8
586,5
586,9
587,1
587,12
588,1
588,5
589,5
589,11
590,8
590,11
591,2
591,5
592,1
592,5
593,8
593,11
594,1
594,2
595,1
595,5
596,4
596,6
597,3
597,12
598,1
598,5
599,1
599,12
600,5
600,8
601,1
601,5
602,5
602,1
603,5
603,9
604,1
604,12
605,3
605,6
606,2
606,12
607,6
607,12
608,2
608,5
609,5
609,8
610,2
610,12
611,2
611,5
612,1
612,5
613,3
613,12
614,1
614,12
615,6
615,12
616,2
616,5
617,1
617,5
618,1
618,5
619,1
619,2
620,11
620,12
621,4
621,6
622,1
622,3
623,11
623,12
624,1
624,5
625,3
625,5
626,1
626,5
627,3
627,12
628,9
628,12
629,5
629,8
630,1
630,5
631,5
631,6
632,1
632,12
633,4
633,6
634,4
634,5
635,1
635,5
636,5
636,6
637,1
637,5
638,5
638,12
639,5
639,12
640,8
640,12
641,9
641,11
642,2
642,12
643,1
643,12
644,2
644,12
645,1
645,11
646,5
646,6
647,2
647,12
648,1
648,5
649,5
649,7
650,4
650,5
651,5
651,6
652,6
652,11
653,2
653,5
654,4
654,5
655,1
655,5
656,4
656,12
657,1
657,5
658,2
658,12
659,1
659,12
660,1
660,12
661,5
661,6
662,1
662,5
663,4
663,5
664,1
664,6
665,2
665,8
666,2
666,5
667,3
667,6
668,4
668,5
669,4
669,6
670,5
670,8
671,6
671,11
672,5
672,6
673,5
673,6
674,1
674,6
675,1
675,2
676,2
676,12
677,4
677,5
678,5
678,12
679,2
679,5
680,1
680,5
681,5
681,6
682,1
682,5
683,3
683,5
684,5
684,8
685,1
685,5
686,5
686,6
687,2
687,5
688,5
688,12
689,1
689,5
690,5
690,12
691,5
691,11
692,4
692,5
693,5
693,10
694,4
694,8
695,4
695,5
696,5
696,8
697,4
697,5
698,11
698,12
699,5
699,12
700,1
700,10
701,1
701,5
702,2
702,5
703,1
703,12
704,5
704,11
705,2
705,5
706,1
706,5
707,1
707,5
708,5
708,11
709,1
709,5
710,2
710,5
711,2
711,5
712,1
712,5
713,1
713,5
714,4
714,5
715,1
715,5
716,3
716,5
717,4
717,5
718,2
718,5
719,5
719,11
720,5
720,8
721,5
721,6
722,6
722,8
723,4
723,5
724,1
724,5
725,2
725,12
726,5
726,6
727,4
727,5
728,5
728,8
729,4
729,5
729,6
729,8
730,5
730,11
731,1
731,12
732,5
732,6
733,5
733,6
734,6
734,12
735,6
735,12
736,1
736,5
737,1
737,5
738,5
738,6
739,1
739,12
740,3
740,5
741,1
741,5
742,5
742,6
743,2
743,5
744,5
744,12
745,8
745,11
746,2
746,5
747,1
747,5
748,1
748,12
749,3
749,4
750,4
750,12
751,5
751,6
752,2
752,5
753,5
753,6
754,5
754,11
755,1
755,6
756,5
756,12
757,2
757,5
758,7
758,12
759,1
759,5
760,5
760,8
761,1
761,2
762,8
762,11
763,5
763,11
764,5
764,12
765,5
765,12
766,7
766,12
767,4
767,7
768,5
768,11
769,3
769,11
770,2
770,5
771,3
771,12
772,8
772,11
773,1
773,6
774,4
774,5
775,1
775,5
776,4
776,11
777,1
777,5
778,1
778,5
779,1
779,8
780,1
780,12
781,6
781,8
782,6
782,12
783,2
783,5
784,1
784,5
785,5
785,9
786,5
786,7
787,5
787,12
788,1
788,5
789,5
789,11
790,1
790,11
791,1
791,5
792,5
792,6
793,5
793,9
794,1
794,5
795,10
795,12
796,1
796,5
797,4
797,11
798,1
798,5
799,2
799,5
800,1
800,12
801,6
801,11
802,4
802,5
803,2
803,5
804,2
804,4
805,2
805,5
806,1
806,5
807,2
807,5
808,2
808,5
809,6
809,12
810,3
810,12
811,1
811,5
812,2
812,5
813,8
813,12
814,5
814,12
815,5
815,12
816,11
816,12
817,1
817,5
818,4
818,5
819,1
819,5
820,1
820,12
821,2
821,4
822,1
822,12
823,4
823,11
824,3
824,6
825,3
825,12
826,2
826,12
827,2
827,12
828,11
828,12
829,2
829,5
830,2
830,5
831,3
831,12
832,1
832,5
833,5
833,11
834,4
834,12
835,4
835,6
836,5
836,12
837,5
837,7
838,2
838,5
839,2
839,5
840,1
840,5
841,5
841,8
842,2
842,5
843,5
843,6
844,3
844,5
845,6
845,11
846,5
846,12
847,5
847,6
848,5
848,6
849,3
849,12
850,2
850,8
851,6
851,12
852,3
852,12
853,11
853,12
854,3
854,8
855,11
855,12
856,2
856,6
857,5
857,11
858,2
858,5
859,1
859,5
860,4
860,6
861,6
861,12
862,1
862,12
863,2
863,11
864,6
864,12
865,2
865,5
866,3
866,4
867,4
867,11
868,6
868,12
869,5
869,11
870,3
870,12
871,1
871,12
872,6
872,12
873,4
873,12
874,2
874,4
875,5
875,12
876,4
876,12
877,3
877,5
878,5
878,11
879,5
879,11
880,4
880,12
881,5
881,8
882,5
882,12
883,1
883,12
884,8
884,12
885,3
885,5
886,1
886,12
887,6
887,11
888,6
888,8
889,4
889,6
890,6
890,11
891,2
891,5
892,2
892,6
893,1
893,5
894,2
894,5
895,5
895,8
896,5
896,6
897,6
897,8
898,5
898,12
899,1
899,12
900,1
900,12
901,9
901,12
902,5
902,12
903,2
903,5
904,3
904,12
905,1
905,12
906,5
906,8
907,2
907,5
908,3
908,5
909,3
909,8
910,2
910,5
911,5
911,10
912,1
912,12
913,3
913,11
914,1
914,5
915,5
915,6
916,3
916,12
917,1
917,12
918,5
918,10
919,11
919,12
920,5
920,12
921,1
921,8
922,5
922,11
923,2
923,5
924,1
924,5
925,1
925,3
926,5
926,12
927,5
927,8
928,1
928,5
929,1
929,12
930,1
930,5
931,4
931,6
932,1
932,6
933,2
933,5
934,3
934,5
935,2
935,6
936,5
936,6
937,1
937,12
938,1
938,6
939,5
939,6
940,1
940,5
941,2
941,12
942,5
942,12
943,2
943,6
944,5
944,11
945,5
945,11
946,2
946,12
947,11
947,12
948,1
948,5
949,3
949,11
950,1
950,5
951,5
951,11
952,5
952,11
953,1
953,5
954,6
954,8
955,5
955,2
956,12
956,5
957,11
958,6
958,12
959,11
959,2
960,1
960,5
961,12
961,5
962,6
962,8
963,12
963,5
964,5
964,1
965,5
965,12
966,1
966,5
967,8
967,11
968,8
968,6
969,5
969,1
970,6
970,9
971,5
971,1
971,2
972,8
972,6
973,5
973,10
974,11
974,8
975,1
975,5
976,6
976,1
977,5
977,8
978,5
978,8
979,5
979,6
980,8
980,5
981,5
981,3
982,5
982,1
983,8
983,5
984,1
984,9
985,1
985,11
986,8
986,11
987,12
987,6
988,1
988,5
989,11
989,5
990,6
990,2
991,1
991,5
992,5
992,8
993,5
993,11
994,5
994,12
995,8
995,6
996,12
996,4
997,5
997,12
998,12
998,2
999,12
999,3
1000,1
1000,5
1001,5
1001,1
1002,6
1002,5
1003,2
1003,5
1004,11
1004,2
1005,12
1005,9
1006,1
1006,12
1007,2
1007,5
1008,12
1008,5
1009,5
1009,8
1010,12
1010,6
1011,2
1011,5
1012,1
1012,5
1013,6
1013,5
1014,6
1014,2
1015,5
1015,12
1016,3
1016,5
1017,1
1017,5
1018,5
1018,3
1019,1
1019,6
1020,2
1020,12
1021,1
1021,5
1022,5
1022,12
1023,2
1023,5
1024,5
1024,4
1025,1
1025,5
1026,5
1026,10
1027,12
1027,6
1028,1
1028,6
1029,1
1029,5
1030,1
1030,5
1031,3
1031,5
1032,8
1032,5
1033,3
1033,5
1034,12
1034,5
1035,11
1035,5
1036,5
1036,6
1037,5
1037,6
1038,11
1038,5
1039,1
1039,5
1040,11
1040,7
1041,12
1041,5
1042,6
1042,5
1043,5
1043,8
1044,5
1044,2
1045,1
1045,11
1046,5
1046,6
1047,5
1047,11
1048,3
1048,5
1049,5
1049,12
1050,5
1050,12
1051,6
1051,5
1052,12
1052,5
1053,8
1053,5
1054,5
1054,2
1055,5
1055,3
1056,5
1056,1
1057,5
1057,8
1058,12
1058,2
1059,1
1059,5
1060,12
1060,12
1061,5
1061,3
1062,5
1062,1
1063,2
1063,5
1064,5
1064,6
1065,5
1065,12
1066,5
1066,11
1067,6
1067,5
1068,5
1068,11
1069,5
1069,1
1070,5
1070,1
1071,5
1071,12
1072,5
1072,12
1073,5
1073,1
1074,5
1074,2
1075,5
1075,2
1076,5
1076,12
1077,2
1077,12
1078,5
1078,3
1079,11
1079,5
1080,7
1080,5
1081,5
1081,1
1082,1
1082,5
1083,5
1083,1
1084,12
1084,5
1085,5
1085,4
1086,2
1086,5
1087,5
1087,12
1088,5
1088,1
1089,4
1089,5
1090,6
1090,5
1091,5
1091,12
1092,5
1092,12
1093,5
1093,3
1094,2
1094,5
1095,6
1095,4
1096,4
1096,5
1097,11
1097,5
1098,3
1098,5
1099,5
1099,2
1100,12
1100,5
1101,6
1101,5
1102,11
1102,5
1103,3
1103,5
1104,2
1104,5
1105,1
1105,12
1106,6
1106,5
1107,4
1107,5
1108,4
1108,6
1109,5
1109,12
1110,5
1110,12
1111,1
1111,5
1112,6
1112,5
1113,3
1113,5
1114,6
1114,5
1115,11
1115,5
1116,12
1116,5
1117,2
1117,5
1118,6
1118,5
1119,5
1119,6
1120,6
1120,5
1121,3
1121,5
1122,1
1122,5
1123,5
1123,1
1124,7
1124,5
1125,11
1125,5
1126,1
1126,5
1127,11
1127,5
1128,5
1128,4
1129,5
1129,12
1130,5
1130,12
1131,2
1131,5
1132,12
1132,5
1133,6
1133,5
1134,6
1134,5
1135,1
1135,5
1136,6
1136,5
1137,5
1137,12
1138,1
1138,5
1139,5
1139,2
1140,5
1140,11
1141,8
1141,5
1142,10
1142,12
1143,4
1143,2
1144,5
1144,6
1145,12
1145,5
1146,6
1146,5
1147,5
1147,6
1148,1
1148,5
1149,12
1149,5
1150,5
1150,6
1151,8
1151,5
1152,6
1152,5
1153,6
1153,5
1154,12
1154,5
1155,9
1155,5
1156,6
1156,5
1157,1
1157,5
1158,6
1158,5
1159,2
1159,5
1160,1
1160,5
1161,12
1161,1
1162,4
1162,5
1163,1
1163,5
1164,2
1164,5
1165,1
1165,5
1166,1
1166,5
1167,8
1167,5
1168,3
1168,5
1169,5
1169,4
1170,5
1170,1
1171,6
1171,10
1172,1
1172,5
1173,5
1173,12
1174,3
1174,5
1175,2
1175,5
1176,1
1176,5
1177,6
1177,10
1178,12
1178,11
1179,6
1179,10
1180,1
1180,5
1181,2
1181,5
1182,4
1182,5
1183,12
1183,5
1184,1
1184,12
1185,6
1185,10
1186,6
1186,2
1187,5
1187,8
1188,12
1188,1
1189,2
1189,5
1190,3
1190,5
1191,6
1191,5
1192,1
1192,5
1193,1
1193,12
1194,5
1194,12
1195,1
1195,5
1196,12
1196,5
1197,8
1197,5
1198,6
1198,5
1199,5
1199,7
1200,5
1201,12
1201,2
1202,1
1202,5
1203,6
1203,5
1204,5
1204,10
1205,6
1205,5
1206,6
1206,2
1207,5
1207,1
1208,5
1208,1
1209,5
1209,1
1210,11
1210,12
1211,11
1211,5
1212,5
1212,12
1213,5
1213,12
1214,5
1214,11
1215,6
1215,1
1216,5
1216,4
1217,5
1217,12
1218,5
1218,1
1219,12
1219,6
1220,5
1220,4
1221,3
1221,6
1222,5
1222,12
1223,5
1223,12
1224,5
1224,12
1225,11
1225,4
1226,5
1226,2
1227,12
1227,9
1228,5
1228,12
1229,6
1229,5
1230,6
1230,10
1231,6
1231,1
1232,5
1232,10
1233,2
1233,5
1234,5
1234,12
1235,5
1235,1
1236,12
1236,5
1237,5
1237,6
1238,7
1238,5
1239,8
1239,5
1240,9
1240,5
1241,5
1241,10
1242,12
1242,1
1243,9
1243,5
1244,12
1244,5
1245,1
1245,5
1246,12
1246,5
1247,5
1247,12
1248,5
1248,12
1249,5
1249,12
1250,1
1250,5
1251,2
1251,11
1252,5
1252,1
1253,6
1253,5
1254,12
1254,5
1255,5
1255,12
1256,11
1256,12
1257,5
1257,10
1258,6
1258,5
1258,4
1259,12
1259,9
1260,5
1260,12
1261,12
1261,1
1262,5
1262,1
1263,5
1263,10
1264,6
1264,5
1265,2
1265,5
1266,12
1266,5
1267,5
1267,10
1268,10
1268,5
1269,10
1269,5
1270,5
1270,1
1271,12
1271,5
1272,3
1272,5
1273,12
1273,5
1274,12
1274,5
1275,12
1275,5
1276,5
1276,12
1277,12
1277,5
1278,12
1278,5
1279,5
1279,12
1280,11
1280,5
1281,12
1281,9
1282,9
1282,4
1283,4
1283,11
1284,5
1284,10
1285,4
1285,12
1286,6
1286,4
1287,2
1287,5
1288,12
1288,5
1289,11
1289,12
1290,5
1290,10
1291,5
1291,12
1292,13
1293,9
1293,5
1294,13
1295,4
1295,12
1296,5
1296,6
1297,6
1297,10
1298,5
1298,11
1299,7
1299,6
1300,5
1300,9
1300,6
1301,5
1301,8
1302,5
1302,6
1303,5
1303,1
1304,1
1304,5
1305,8
1305,5
1306,5
1306,2
1307,5
1307,2
1308,5
1308,12
1309,5
1309,12
1310,3
1310,5
1311,5
1311,7
1312,5
1312,1
1313,5
1313,1
1314,5
1314,12
1315,4
1315,5
1315,12
1316,5
1316,1
1317,5
1317,10
1318,9
1318,5
1318,2
1319,5
1319,10
1320,5
1320,9
1321,12
1321,5
1322,5
1322,12
1322,1
1323,2
1323,11
1324,12
1324,5
1325,1
1325,5
1326,5
1326,1
1327,5
1327,2
1328,5
1328,7
1329,8
1329,12
1330,5
1330,6
1331,5
1331,2
1332,5
1332,12
1332,4
1333,5
1333,12
1333,1
1333,6
1334,5
1334,1
1335,5
1335,1
1336,13
1337,5
1337,12
1338,13
1339,13
1340,13
1341,12
1341,5
1342,5
1342,9
1343,7
1343,5
1344,11
1344,5
1345,1
1345,5
1346,12
1346,5
1347,11
1347,5
1348,5
1348,10
1349,5
1349,12
1350,13
1351,5
1351,7
1352,5
1352,10
1353,5
1353,12
1354,5
1354,12
1355,5
1355,7
1356,5
1356,2
1357,11
1357,5
1358,5
1358,12
1359,13
1360,5
1360,1
1361,5
1361,12
1362,1
1362,5
1363,6
1363,5
1364,6
1364,9
1365,5
1365,12
1366,5
1366,1
1367,13
1368,5
1368,9
1369,13
1370,13
1371,13
1372,2
1372,5
1373,6
1373,5
1374,13
1375,13
1376,5
1376,12
1377,5
1377,9
1378,9
1378,5
1378,12
1379,5
1379,12
1380,5
1380,1
1380,9
1381,5
1381,1
1382,5
1382,10
1383,11
1383,5
1384,5
1384,2
1385,11
1385,5
1386,13
1387,5
1387,12
1388,5
1388,12
1389,5
1389,12
1390,5
1390,2
1391,13
1392,5
1392,6
1393,13
1394,8
1394,5
1394,1
1395,13
1396,5
1396,9
1397,13
1398,13
1399,13
1400,13
1401,13
1402,13
1403,13
1404,5
1404,10
1405,13
1406,13
1407,13
1408,5
1408,12
1409,13
1410,13
1411,6
1411,10
1412,13
1413,5
1413,12
1413,4
1414,13
1415,4
1415,6
1416,13
1417,13
1418,13
1419,13
1420,1
1420,8
1421,5
1421,12
1422,5
1422,12
1423,13
1424,5
1424,10
1425,13
1426,5
1426,11
1427,5
1427,12
1428,5
1428,12
1429,5
1429,2
1430,5
1430,11
1431,5
1431,9
1432,9
1432,5
1432,12
1433,2
1433,5
1434,11
1434,12
1435,1
1435,4
1436,1
1436,9
1437,3
1437,11
1438,12
1438,6
1438,4
1438,2
1439,11
1439,3
1439,2
1440,8
1440,6
1440,5
1441,4
1441,5
1442,3
1443,6
1443,5
1444,1
1444,5
1445,9
1445,12
1446,8
1446,11
1447,11
1447,12
1448,6
1448,4
1449,6
1449,5
1450,6
1450,12
1450,3
1451,1
1451,2
1452,6
1452,5
1453,9
1453,2
1454,11
1454,6
1455,2
1455,11
1456,11
1456,5
1457,9
1457,6
1458,2
1458,5
1459,11
1459,6
1460,3
1460,6
1461,9
1461,5
1462,4
1462,6
1463,1
1463,9
1464,1
1464,2
1464,7
1465,1
1465,12
1466,12
1466,7
1467,4
1467,6
1468,2
1468,6
1469,1
1469,2
1470,1
1470,7
1471,9
1471,12
1472,11
1472,6
1473,1
1473,11
1474,5
1474,6
1475,1
1475,7
1475,4
1476,5
1476,6
1477,5
1477,8
1477,6
1478,2
1478,7
1479,6
1479,8
1480,5
1480,6
1481,5
1481,6
1481,1
1481,3
1482,11
1482,6
1483,2
1483,4
1484,6
1484,12
1485,2
1485,9
1486,1
1486,4
1486,2
1487,2
1487,12
1488,6
1488,12
1489,6
1489,12
1490,11
1490,12
1491,12
1491,5
1492,9
1492,11
1493,11
1493,8
1494,3
1494,11
1495,1
1495,5
1496,4
1496,5
1497,5
1497,6
1498,4
1498,6
1498,12
1499,1
1499,5
1500,3
1500,4
1500,6
1501,11
1501,5
1502,1
1502,4
1502,12
1503,11
1503,1
1504,8
1504,9
1505,1
1505,6
1505,7
1505,12
1506,5
1506,9
1507,5
1507,6
1507,9
1508,1
1508,5
1508,6
1509,12
1509,6
1510,9
1510,5
1511,9
1511,12
1512,1
1512,7
1512,5
1513,1
1513,12
1514,1
1514,7
1515,2
1515,5
1516,9
1516,11
1517,6
1517,11
1518,4
1518,5
1518,6
1519,3
1519,4
1519,6
1520,12
1520,5
1521,2
1521,1
1521,7
1521,3
1522,1
1522,12
1523,2
1523,12
1524,2
1524,11
1524,12
1525,12
1525,1
1526,1
1526,2
1526,12
1527,9
1527,7
1528,2
1528,3
1528,4
1528,7
1529,9
1529,7
1530,1
1530,7
1531,1
1531,2
1532,5
1532,6
1533,9
1533,5
1534,1
1534,2
1535,1
1535,12
1536,1
1536,2
1536,4
1536,7
1537,4
1537,12
1538,1
1538,2
1538,3
1538,7
1539,2
1539,3
1539,7
1539,1
1540,1
1540,4
1541,1
1541,2
1542,9
1542,5
1543,1
1543,12
1544,9
1544,6
1545,8
1545,12
1546,6
1546,12
1547,1
1547,2
1547,7
1548,1
1548,2
1548,7
1548,8
1549,2
1549,3
1549,7
1549,8
1550,1
1550,2
1551,7
1551,9
1552,2
1552,7
1552,9
1553,1
1553,2
1554,6
1554,12
1555,1
1555,2
1555,3
1555,8
1556,1
1556,2
1557,1
1557,2
1557,7
1558,1
1558,2
1559,1
1559,2
1559,7
1560,1
1560,2
1560,3
1561,2
1561,5
1562,1
1562,2
1563,7
1563,2
1563,3
1563,8
1564,1
1564,7
1565,1
1565,12
1566,1
1566,5
1567,7
1567,8
1568,5
1568,8
1569,2
1569,5
1570,2
1570,5
1571,2
1571,5
1572,8
1572,12
1573,6
1573,4
1574,5
1574,6
1575,3
1575,9
1576,1
1576,12
1577,3
1577,9
1578,8
1578,6
1579,1
1579,7
1579,9
1580,2
1580,3
1580,8
1581,6
1581,2
1582,2
1582,7
1583,2
1583,3
1583,7
1583,8
1584,5
1584,12
1585,8
1585,3
1585,1
1585,2
1586,3
1586,5
1587,1
1587,5
1588,5
1588,6
1589,1
1589,7
1590,4
1590,6
1591,8
1591,12
1592,12
1592,5
1593,4
1593,5
1594,1
1594,5
1595,1
1595,6
1595,9
1596,5
1596,12
1597,4
1597,6
1597,8
1598,2
1598,7
1599,1
1599,5
1600,5
1600,6
1601,2
1601,6
1602,2
1602,6
1603,3
1603,5
1604,1
1604,5
1605,12
1605,5
1606,8
1606,12
1607,1
1607,12
1608,4
1608,5
1609,1
1609,9
1610,3
1610,9
1611,4
1611,3
1612,2
1612,3
1612,7
1613,1
1613,12
1614,2
1614,7
1614,8
1615,5
1615,12
1616,3
1616,9
1617,2
1617,4
1618,5
1618,6
1619,11
1619,12
1620,1
1620,2
1620,5
1621,5
1621,12
1622,6
1622,8
1623,1
1623,3
1623,8
1624,12
1624,9
1625,2
1625,6
1626,2
1626,4
1627,1
1627,9
1628,2
1628,12
1629,3
1629,7
1629,8
1630,1
1630,12
1631,1
1631,2
1631,7
1632,1
1632,2
1633,2
1633,12
1634,5
1634,6
1635,1
1635,8
1636,5
1636,6
1637,3
1637,6
1637,12
1638,1
1638,4
1639,7
1639,9
1640,2
1640,3
1641,1
1641,6
1642,3
1642,6
1643,3
1643,8
1643,1
1643,9
1644,1
1644,12
1645,5
1645,12
1646,2
1646,9
1646,8
1647,4
1647,8
1648,4
1648,12
1649,1
1649,2
1650,4
1650,6
1651,4
1651,7
1652,2
1652,8
1652,6
1653,4
1653,6
1654,4
1654,6
1655,2
1655,8
1655,7
1655,9
1656,1
1656,12
1657,1
1657,2
1657,3
1657,8
1658,6
1658,8
1659,5
1659,6
1660,4
1660,6
1661,1
1661,12
1662,1
1662,2
1662,7
1662,8
1663,7
1663,9
1664,1
1664,3
1665,1
1665,8
1666,7
1666,12
1667,1
1667,2
1668,1
1668,11
1669,2
1669,3
1669,11
1670,1
1670,2
1670,6
1671,1
1671,2
1672,3
1672,9
1673,3
1673,4
1673,7
1674,1
1674,9
1675,2
1675,11
1676,1
1676,5
1677,5
1677,6
1678,1
1678,8
1679,2
1679,5
1680,6
1680,12
1681,1
1681,12
1682,3
1682,8
1683,1
1683,2
1684,2
1684,12
1685,3
1685,12
1686,2
1686,5
1687,2
1687,3
1688,2
1688,5
1689,1
1689,5
1690,1
1690,5
1691,6
1691,8
1692,1
1692,2
1692,3
1692,8
1693,1
1693,12
1694,2
1694,11
1695,5
1695,6
1696,5
1696,6
1697,2
1697,4
1698,3
1698,5
1699,2
1699,11
1700,1
1700,7
1701,1
1701,2
1702,2
1702,5
1702,7
1703,1
1703,5
1704,5
1704,8
1705,3
1705,8
1705,9
1706,1
1706,2
1707,1
1707,5
1708,1
1708,2
1708,3
1708,8
1709,6
1709,12
1710,3
1710,12
1711,2
1711,5
1712,1
1712,12
1713,4
1713,12
1714,3
1714,5
1715,2
1715,6
1716,2
1716,4
1717,2
1717,3
1718,1
1718,12
1719,6
1719,12
1720,4
1720,5
1721,1
1721,12
1722,1
1722,12
1723,2
1723,12
1724,3
1724,4
1725,1
1725,12
1726,2
1726,5
1727,2
1727,5
1728,1
1728,9
1729,2
1729,5
1730,3
1730,6
1731,6
1731,7
1732,1
1732,4
1733,1
1733,5
1734,1
1734,2
1734,3
1734,4
1735,2
1735,5
1736,3
1736,12
1737,1
1737,12
1738,2
1738,12
1739,2
1739,11
1740,2
1740,5
1741,2
1741,4
1742,1
1742,8
1743,6
1743,12
1744,1
1744,2
1745,6
1745,12
1746,2
1746,5
1747,1
1747,5
1748,2
1748,5
1749,2
1749,5
1749,6
1750,1
1750,9
1751,2
1751,5
1752,4
1752,11
1753,6
1753,8
1754,6
1754,2
1755,3
1755,9
1756,3
1756,6
1757,9
1757,3
1758,2
1758,12
1759,1
1759,5
1760,4
1760,11
1761,5
1761,11
1762,2
1762,3
1763,1
1763,2
1764,3
1764,2
1765,5
1765,12
1766,1
1766,5
1767,2
1767,6
1768,2
1768,5
1769,5
1769,2
1769,7
1770,2
1770,5
1771,5
1771,6
1772,2
1772,5
1773,11
1773,1
1773,9
1773,4
174,2
1774,4
1774,11
1775,3
1775,11
1776,2
1776,4
1777,1
1777,5
1778,1
1778,2
1778,5
1779,1
1779,4
1780,3
1780,6
1781,2
1781,4
1781,3
1782,5
1782,12
1783,12
1783,4
1783,8
1784,1
1784,2
1785,1
1785,6
1786,12
1786,1
1786,9
1787,5
1787,6
1787,9
1788,6
1788,3
1789,2
1789,5
1790,4
1790,11
1791,3
1791,5
1792,1
1792,5
1793,5
1793,6
1794,1
1794,5
1795,6
1795,12
1796,5
1796,9
1796,1
1796,8
1797,6
1797,11
1798,2
1798,5
1799,1
1799,3
1800,4
1800,11
1801,6
1801,11
1802,1
1802,5
1803,2
1803,4
1803,11
1804,5
1804,6
1805,6
1805,12
1806,4
1806,11
1807,2
1807,4
1808,4
1808,6
1808,2
1809,1
1809,6
1810,1
1810,8
1811,2
1811,11
1812,5
1812,2
1813,1
1813,5
1814,11
1814,2
1815,6
1815,11
1816,1
1816,3
1817,6
1817,12
1818,1
1818,5
1819,6
1819,5
1820,1
1820,5
1821,1
1821,2
1822,12
1822,6
1823,6
1823,12
1824,6
1824,11
1825,1
1825,12
1826,4
1826,6
1827,1
1827,5
1828,5
1828,8
1829,1
1829,4
1829,7
1830,2
1830,5
1831,1
1831,5
1832,5
1832,6
1833,3
1833,11
1834,1
1834,4
1834,6
1834,9
1835,8
1835,11
1836,4
1836,3
1836,2
1837,1
1837,11
1838,4
1838,5
1839,2
1839,6
1840,11
1840,5
1841,4
1841,6
1842,3
1842,4
1843,2
1843,5
1844,1
1844,2
1845,11
1845,12
1846,4
1846,6
1847,1
1847,12
1848,3
1848,11
1849,2
1849,12
1849,6
1850,1
1850,6
1851,1
1851,2
1852,1
1852,2
1852,3
1853,1
1853,12
1854,4
1854,5
1855,1
1855,2
1855,4
1855,9
1856,3
1856,5
1856,6
1857,1
1857,6
1858,7
1858,12
1859,4
1859,6
1859,3
1860,2
1860,6
1861,3
1861,12
1862,1
1862,2
1862,4
1862,8
1863,1
1863,3
1864,5
1864,11
1865,2
1865,4
1865,5
1866,11
1866,12
1867,1
1867,6
1867,9
1868,4
1868,6
1869,2
1869,4
1870,5
1870,8
1871,1
1871,4
1871,5
1872,1
1872,11
1873,1
1873,5
1874,1
1874,4
1875,6
1875,5
1876,1
1876,8
1877,3
1877,12
1878,5
1878,6
1879,2
1879,5
1880,1
1880,5
1881,6
1881,11
1882,4
1882,6
1883,4
1883,5
1884,2
1884,5
1885,5
1885,6
1886,1
1886,5
1887,4
1887,11
1888,1
1888,5
1889,8
1889,9
1890,1
1890,2
1890,5
1891,6
1891,11
1892,1
1892,5
1893,4
1893,7
1894,1
1894,12
1895,1
1895,3
1895,4
1896,4
1896,11
1897,1
1897,5
1898,5
1898,12
1899,5
1899,12
1899,1
1899,2
1900,1
1900,6
1901,1
1901,2
1901,4
1902,1
1902,2
1903,4
1903,11
1904,12
1904,5
1905,1
1905,2
1905,11
1906,1
1906,5
1907,2
1907,4
1908,1
1908,2
1908,9
1909,11
1909,6
1909,5
1910,11
1910,6
1910,3
1911,6
1911,12
1912,4
1912,11
1913,6
1913,1
1914,1
1914,11
1915,1
1915,5
1916,1
1916,5
1917,8
1917,1
1918,12
1918,6
1918,1
1919,12
1919,8
1919,11
1920,9
1920,5
1920,6
1921,12
1921,5
1922,2
1922,5
1923,12
1923,2
1923,3
1924,4
1924,2
1925,3
1925,5
1926,12
1926,1
1926,5
1927,1
1927,5
1928,2
1928,4
1928,6
1929,5
1929,3
1929,6
1930,5
1930,12
1930,11
1931,1
1931,5
1932,4
1932,8
1932,11
1933,5
1933,3
1933,1
1934,11
1934,2
1935,1
1935,6
1936,6
1936,5
1936,12
1937,3
1937,1
1937,11
1938,9
1938,7
1939,1
1939,5
1940,2
1940,12
1941,12
1941,4
1942,1
1942,5
1942,6
1943,1
1943,2
1943,5
1943,9
1944,12
1944,6
1945,1
1945,11
1945,6
1946,11
1946,6
1947,1
1947,5
1948,1
1948,5
1948,6
1949,1
1949,5
1949,12
1950,2
1950,4
1950,6
1951,5
1951,9
1951,2
1952,4
1952,5
1953,7
1953,5
1954,12
1954,6
1954,5
1955,4
1955,2
1955,1
1955,12
1956,1
1956,5
1957,2
1957,4
1957,11
1958,1
1958,11
1958,12
1959,3
1959,1
1959,5
1959,8
1960,8
1960,2
1960,7
1960,3
1961,1
1961,5
1962,6
1962,1
1962,5
1963,2
1963,5
1963,11
1963,3
1964,5
1964,1
1965,3
1965,1
1966,4
1966,3
1966,8
1966,11
1967,2
1967,4
1967,1
1967,3
1968,3
1968,6
1968,11
1969,9
1969,8
1970,12
1970,1
1971,11
1971,4
1972,1
1972,5
1972,12
1973,6
1973,3
1974,1
1974,12
1975,6
1975,5
1976,6
1976,5
1976,4
1977,6
1977,5
1978,6
1978,5
1978,12
1979,5
1979,2
1980,2
1980,4
1980,5
1980,7
1981,1
1981,5
1982,9
1982,4
1982,5
1983,2
1983,6
1984,1
1984,12
1985,4
1985,12
1986,2
1986,5
1987,6
1987,8
1988,6
1988,8
1989,3
1989,2
1989,12
1990,6
1990,5
1991,12
1991,6
1991,4
1992,1
1992,12
1993,4
1993,1
1993,6
1994,1
1994,5
1995,6
1995,5
1995,1
1996,1
1996,11
1997,3
1997,5
1997,1
1998,6
1998,5
1999,6
1999,12
1999,1
2000,7
2000,12
2001,12
2001,1
2002,7
2002,12
2003,2
2003,5
2004,9
2004,5
2005,2
2005,4
2006,2
2006,5
2007,12
2007,2
2007,4
2008,5
2008,12
2009,3
2009,12
2009,6
2010,3
2010,8
2010,5
2011,2
2011,4
2011,7
2011,12
2012,1
2012,6
2012,12
2013,3
2013,5
2013,6
2014,6
2014,8
2014,7
2015,5
2015,4
2015,1
2016,1
2016,8
2016,7
2016,12
2017,6
2017,2
2018,1
2018,5
2018,3
2019,3
2019,1
2019,12
2020,8
2020,11
2020,4
2021,4
2021,2
2021,8
2022,6
2022,1
2022,12
2022,7
2023,4
2023,6
2024,11
2024,8
2025,2
2025,5
2026,12
2026,3
2027,2
2027,1
2027,7
2027,5
2028,6
2028,8
2029,11
2029,5
2030,1
2030,11
2031,2
2031,1
2032,3
2032,8
2032,1
2032,2
2033,7
2033,12
2033,1
2033,8
2034,1
2034,12
2035,1
2035,12
2035,3
2035,2
2036,12
2036,1
2036,7
2037,2
2037,8
2037,9
2037,4
2038,2
2038,11
2039,6
2039,11
2040,5
2040,1
2040,12
2041,4
2041,11
2042,4
2042,2
2042,8
2042,3
2043,12
2043,4
2044,6
2044,8
2045,7
2045,1
2045,5
2045,3
2046,9
2046,11
2047,5
2047,2
2048,1
2048,5
2049,5
2049,2
2049,8
2049,3
2050,12
2050,5
2050,6
2051,11
2051,4
2051,5
2051,8
2052,2
2052,8
2052,12
2053,11
2053,8
2053,4
2053,3
2054,7
2054,5
2054,1
2055,11
2055,4
2055,2
2056,11
2056,5
2057,12
2057,3
2057,6
2058,12
2058,5
2059,2
2059,3
2059,5
2059,12
2060,6
2060,3
2060,8
2061,6
2061,3
2061,1
2061,5
2062,11
2062,6
2062,2
2063,6
2063,5
2063,9
2063,2
2064,1
2064,11
2064,6
2065,5
2065,12
2066,2
2066,1
2066,4
2066,5
2067,12
2067,5
2067,2
2067,6
2068,12
2068,5
2069,7
2069,12
2069,3
2069,2
2070,12
2070,6
2070,1
2071,8
2071,5
2071,12
2072,1
2072,6
2072,5
2073,9
2073,5
2074,5
2074,12
2074,1
2075,1
2075,11
2076,11
2076,5
2077,3
2077,5
2077,12
2078,12
2078,5
2079,2
2079,12
2079,5
2080,11
2080,5
2080,4
2081,11
2081,4
2082,5
2082,12
2083,1
2083,8
2084,12
2084,2
2084,4
2085,5
2085,4
2085,6
2086,1
2086,5
2087,4
2087,11
2088,1
2088,5
2089,12
2089,1
2090,1
2090,5
2091,1
2091,5
2091,6
2092,12
2092,5
2092,6
2093,12
2093,5
2093,3
2094,7
2094,5
2095,6
2095,1
2095,5
2096,2
2096,5
2097,6
2097,11
2098,1
2098,5
2098,6
2098,9
2099,6
2099,4
2099,5
2100,4
2100,1
2100,5
2101,5
2101,1
2102,2
2102,5
2103,1
2103,12
2103,4
2103,6
2104,1
2104,5
2105,1
2105,12
2106,6
2106,11
2106,3
2107,1
2107,5
2108,1
2108,6
2108,8
2109,12
2109,1
2109,5
2109,6
2110,12
2110,6
2111,2
2111,1
2111,11
2112,12
2112,11
2113,2
2113,4
2113,5
2114,1
2114,5
2114,2
2115,2
2115,7
2115,11
2115,5
2116,2
2116,5
2117,2
2117,5
2117,4
2118,5
2118,8
2118,6
2119,7
2119,5
2119,9
2119,2
2120,1
2120,12
2120,6
2120,11
2121,1
2121,12
2121,5
2122,12
2122,1
2123,1
2123,5
2123,11
2123,4
2124,2
2124,5
2125,3
2125,11
2125,8
2125,5
2126,1
2126,12
2126,8
2127,12
2127,6
2127,3
2127,5
2128,7
2128,12
2128,6
2129,12
2129,4
2129,6
2130,1
2130,4
2130,5
2130,12
2131,1
2131,2
2131,5
2132,12
2132,6
2133,1
2133,4
2133,6
2133,12
2134,1
2134,7
2134,12
2135,12
2135,3
2135,8
2136,11
2136,8
2136,2
2136,1
2137,2
2137,5
2137,1
2138,1
2138,4
2138,6
2139,5
2139,9
2139,8
2140,5
2140,2
2140,6
2141,1
2141,5
2141,6
2142,6
2142,12
2143,1
2143,12
2143,5
2143,3
2144,11
2144,12
2145,2
2145,1
2145,6
2145,5
2146,1
2146,6
2146,9
2147,5
2147,4
2147,1
2148,11
2148,4
2149,5
2149,3
2149,1
2150,2
2150,11
2150,5
2151,8
2151,6
2151,5
2152,6
2152,9
2152,12
2153,4
2153,6
2154,1
2154,3
2154,5
2154,12
2155,2
2155,6
2155,5
2156,6
2156,5
2157,8
2157,5
2157,11
2157,6
2158,5
2158,8
2158,1
2159,6
2159,11
2159,5
2159,12
2160,12
2160,5
2160,6
2160,1
2161,11
2161,5
2161,6
2162,7
2162,5
2162,6
2163,1
2163,12
2163,5
2164,12
2164,3
2164,1
2165,2
2165,12
2165,3
2165,5
2166,6
2166,12
2167,12
2167,6
2167,11
2168,12
2168,1
2168,6
2169,9
2169,5
2170,1
2170,5
2171,4
2171,3
2171,6
2172,8
2172,12
2172,6
2172,5
2173,1
2173,5
2174,2
2174,6
2174,4
2174,3
2175,1
2175,5
2175,7
2175,2
2176,6
2176,9
2176,5
2176,12
2177,3
2177,1
2177,8
2177,2
2178,3
2178,7
2178,12
2178,11
2179,6
2179,2
2179,5
2180,6
2180,12
2180,1
2181,2
2181,8
2181,12
2182,12
2182,1
2183,2
2183,1
2183,5
2184,5
2184,1
2184,6
2184,7
2185,8
2185,3
2185,2
2185,5
2186,5
2186,11
2186,3
2187,9
2187,6
2187,4
2187,5
2188,5
2188,9
2188,8
2188,2
2189,11
2189,4
2189,3
2189,2
2190,6
2190,8
2190,5
2191,1
2191,2
2191,5
2191,3
2192,3
2192,11
2192,5
2192,6
2193,4
2193,2
2194,3
2194,2
2194,5
2195,12
2195,5
2196,5
2196,8
2196,11
2196,12
2197,1
2197,4
2197,6
2198,1
2198,4
2198,5
2198,3
2199,4
2199,6
2199,5
2200,5
2200,6
2200,4
2200,12
2201,4
2201,2
2202,1
2202,12
2202,5
2203,3
2203,5
2203,12
2204,5
2204,8
2204,4
2205,3
2205,12
2205,8
2206,12
2206,3
2206,5
2207,2
2207,1
2207,12
2208,1
2208,12
2208,5
2209,2
2209,1
2209,5
2210,6
2210,7
2210,5
2211,11
2211,4
2212,4
2212,2
2212,1
2212,5
2213,1
2213,5
2214,4
2214,5
2214,6
2214,11
2215,1
2215,4
2215,5
2215,6
2216,2
2216,5
2216,1
2217,7
2217,4
2217,11
2217,6
2218,2
2218,5
2219,1
2219,5
2220,9
2220,5
2221,1
2221,5
2222,9
2222,8
2223,1
2223,5
2224,6
2224,12
2225,6
2225,12
2226,2
2226,5
2227,4
2227,8
2227,5
2227,2
2228,12
2228,3
2228,8
2229,3
2229,2
2229,5
2230,6
2230,5
2230,3
2230,4
2231,2
2231,6
2231,5
2232,1
2232,5
2232,12
2233,2
2233,12
2233,1
2233,5
2234,1
2234,11
2234,12
2235,1
2235,6
2235,2
2235,12
2236,4
2236,11
2237,2
2237,5
2237,3
2238,5
2238,4
2238,1
2238,3
2239,12
2239,6
2240,9
2240,2
2240,12
2241,12
2241,1
2242,3
2242,1
2242,5
2243,1
2243,5
2244,5
2244,3
2245,11
2245,1
2245,5
2246,12
2246,1
2247,6
2247,5
2247,1
2247,11
2248,4
2248,6
2248,11
2249,1
2249,5
2249,3
2250,1
2250,12
2250,5
2251,3
2251,5
2251,1
2252,1
2252,11
2252,2
2253,12
2253,1
2253,8
2253,6
2254,12
2254,6
2254,5
2254,3
2255,7
2255,2
2255,8
2255,12
2256,11
2256,8
2256,6
2257,6
2257,12
2257,8
2257,1
2258,2
2258,4
2258,11
2258,3
2259,1
2259,5
2260,11
2260,4
2261,12
2261,8
2261,11
2261,5
2262,6
2262,1
2262,4
2262,5
2263,5
2263,4
2263,1
2263,3
2264,5
2264,1
2264,2
2264,4
2265,8
2265,3
2265,7
2266,12
2266,1
2266,5
2267,12
2267,9
2267,11
2268,12
2268,5
2269,12
2269,1
2269,2
2269,4
2270,4
2270,11
2270,2
2271,8
2271,11
2272,7
2272,5
2272,2
2272,3
2273,6
2273,11
2274,12
2274,9
2274,6
2275,5
2275,1
2276,1
2276,6
2276,5
2276,12
2277,11
2277,6
2278,12
2278,6
2278,1
2278,5
2279,8
2279,5
2280,12
2280,2
2281,1
2281,11
2281,6
2281,3
2282,12
2282,1
2283,6
2283,5
2284,11
2284,4
2284,6
2284,2
2285,2
2285,12
2286,2
2286,4
2286,5
2287,1
2287,5
2287,6
2287,2
2288,1
2288,5
2289,2
2289,6
2289,5
2290,1
2290,2
2290,5
2291,12
2291,11
2291,6
2292,2
2292,5
2292,6
2293,2
2293,6
2294,4
2294,2
2294,6
2295,1
2295,5
2296,1
2296,2
2296,5
2297,5
2297,1
2298,7
2298,2
2298,9
2298,1
2299,7
2299,1
2299,12
2300,12
2300,11
2301,11
2301,6
2301,5
2302,11
2302,4
2303,2
2303,12
2304,6
2304,1
2304,9
2304,5
2305,12
2305,7
2305,1
2305,6
2306,1
2306,5
2307,5
2307,2
2307,12
2308,5
2308,2
2309,8
2309,6
2309,5
2310,6
2310,5
2310,2
2310,3
2311,12
2311,1
2311,6
2311,4
2312,12
2312,7
2313,9
2313,2
2313,5
2313,6
2314,12
2314,6
2315,2
2315,6
2316,1
2316,2
2316,5
2316,6
2317,6
2317,5
2318,5
2318,1
2318,7
2318,9
2319,1
2319,5
2319,4
2319,7
2320,11
2320,1
2320,2
2320,5
2321,1
2321,5
2321,8
2321,3
2322,9
2322,3
2322,2
2322,5
2323,9
2323,5
2323,6
2324,1
2324,5
2325,1
2325,5
2325,4
2325,3
2326,12
2326,9
2326,5
2326,6
2327,5
2327,6
2327,3
2327,12
2328,9
2328,6
2328,5
2328,12
2329,5
2329,6
2329,2
2330,7
2330,5
2330,1
2331,1
2331,5
2331,9
2332,9
2332,5
2332,6
2333,5
2333,11
2333,9
2333,1
2334,9
2334,1
2334,5
2335,6
2335,5
2335,12
2336,9
2336,12
2336,6
2336,5
2337,6
2337,11
2337,5
2338,7
2338,5
2339,11
2339,6
2339,5
2340,8
2340,12
2340,11
2341,12
2341,5
2342,12
2342,5
2342,1
2342,2
2343,9
2343,12
2343,5
2344,1
2344,5
2344,6
2345,11
2345,12
2345,6
2346,5
2346,2
2346,9
2346,12
2347,12
2347,6
2347,1
2347,5
2348,2
2348,12
2348,6
2348,5
2349,4
2349,11
2349,6
2349,5
2350,1
2350,2
2350,5
2351,12
2351,5
2351,2
2352,9
2352,5
2352,6
2352,12
2353,1
2353,11
2353,5
2354,12
2354,3
2354,6
2355,2
2355,5
2356,5
2356,6
2356,12
2357,1
2357,6
2357,2
2357,12
2358,1
2358,11
2358,5
2359,12
2359,5
2360,6
2360,9
2360,5
2360,12
2361,9
2361,6
2361,12
2362,12
2362,6
2362,5
2363,2
2363,4
2363,6
2364,5
2364,6
2364,12
2365,12
2365,3
2365,5
2366,1
2366,2
2366,12
2366,4
2367,1
2367,3
2368,1
2368,2
2368,4
2368,5
2369,11
2369,2
2369,5
2370,2
2370,5
2370,6
2371,3
2371,5
2371,1
2372,8
2372,6
2372,5
2373,5
2373,2
2373,1
2373,6
2374,1
2374,5
2375,12
2375,5
2375,6
2376,4
2376,8
2376,11
2376,5
2377,5
2377,12
2377,9
2377,6
2378,12
2378,6
2378,5
2379,4
2379,5
2379,11
2379,6
2380,5
2380,6
2380,8
2381,12
2381,2
2381,1
2381,6
2382,4
2382,6
2382,5
2382,12
2383,8
2383,6
2383,5
2383,12
2384,9
2384,7
2384,5
2385,6
2385,5
2385,4
2386,1
2386,5
2386,6
2386,2
2387,1
2387,2
2387,5
2388,5
2388,1
2389,8
2389,4
2389,5
2389,6